Latitude,Longitude,Ru [GV],Rc [GV],Rl [GV],PTF
-90.0,0.0,0.0,0.0,0.0,0.0
-90.0,15.0,0.0,0.0,0.0,0.0
-90.0,30.0,0.0,0.0,0.0,0.0
-90.0,45.0,0.0,0.0,0.0,0.0
-90.0,60.0,0.0,0.0,0.0,0.0
-90.0,75.0,0.0,0.0,0.0,0.0
-90.0,90.0,0.0,0.0,0.0,0.0
-90.0,105.0,0.0,0.0,0.0,0.0
-90.0,120.0,0.0,0.0,0.0,0.0
-90.0,135.0,0.0,0.0,0.0,0.0
-90.0,150.0,0.0,0.0,0.0,0.0
-90.0,165.0,0.0,0.0,0.0,0.0
-90.0,180.0,0.0,0.0,0.0,0.0
-90.0,195.0,0.0,0.0,0.0,0.0
-90.0,210.0,0.0,0.0,0.0,0.0
-90.0,225.0,0.0,0.0,0.0,0.0
-90.0,240.0,0.0,0.0,0.0,0.0
-90.0,255.0,0.0,0.0,0.0,0.0
-90.0,270.0,0.0,0.0,0.0,0.0
-90.0,285.0,0.0,0.0,0.0,0.0
-90.0,300.0,0.0,0.0,0.0,0.0
-90.0,315.0,0.0,0.0,0.0,0.0
-90.0,330.0,0.0,0.0,0.0,0.0
-90.0,345.0,0.0,0.0,0.0,0.0
-90.0,360.0,0.0,0.0,0.0,0.0
-85.0,0.0,0.0,0.0,0.0,0.0
-85.0,15.0,0.0,0.0,0.0,0.0
-85.0,30.0,0.0,0.0,0.0,0.0
-85.0,45.0,0.0,0.0,0.0,0.0
-85.0,60.0,0.0,0.0,0.0,0.0
-85.0,75.0,0.0,0.0,0.0,0.0
-85.0,90.0,0.0,0.0,0.0,0.0
-85.0,105.0,0.0,0.0,0.0,0.0
-85.0,120.0,0.0,0.0,0.0,0.0
-85.0,135.0,0.0,0.0,0.0,0.0
-85.0,150.0,0.0,0.0,0.0,0.0
-85.0,165.0,0.0,0.0,0.0,0.0
-85.0,180.0,0.0,0.0,0.0,0.0
-85.0,195.0,0.0,0.0,0.0,0.0
-85.0,210.0,0.0,0.0,0.0,0.0
-85.0,225.0,0.0,0.0,0.0,0.0
-85.0,240.0,0.0,0.0,0.0,0.0
-85.0,255.0,0.0,0.0,0.0,0.0
-85.0,270.0,0.0,0.0,0.0,0.0
-85.0,285.0,0.0,0.0,0.0,0.0
-85.0,300.0,0.0,0.0,0.0,0.0
-85.0,315.0,0.0,0.0,0.0,0.0
-85.0,330.0,0.0,0.0,0.0,0.0
-85.0,345.0,0.0,0.0,0.0,0.0
-85.0,360.0,0.0,0.0,0.0,0.0
-80.0,0.0,0.0,0.0,0.0,0.0
-80.0,15.0,0.0,0.0,0.0,0.0
-80.0,30.0,0.0,0.0,0.0,0.0
-80.0,45.0,0.0,0.0,0.0,0.0
-80.0,60.0,0.0,0.0,0.0,0.0
-80.0,75.0,0.0,0.0,0.0,0.0
-80.0,90.0,0.0,0.0,0.0,0.0
-80.0,105.0,0.0,0.0,0.0,0.0
-80.0,120.0,0.0,0.0,0.0,0.0
-80.0,135.0,0.0,0.0,0.0,0.0
-80.0,150.0,0.0,0.0,0.0,0.0
-80.0,165.0,0.0,0.0,0.0,0.0
-80.0,180.0,0.0,0.0,0.0,0.0
-80.0,195.0,0.0,0.0,0.0,0.0
-80.0,210.0,0.0,0.0,0.0,0.0
-80.0,225.0,0.0,0.0,0.0,0.0
-80.0,240.0,0.0,0.0,0.0,0.0
-80.0,255.0,0.0,0.0,0.0,0.0
-80.0,270.0,0.2,0.2,0.2,0.0
-80.0,285.0,0.3,0.3,0.3,0.0
-80.0,300.0,0.4,0.4,0.4,0.0
-80.0,315.0,0.3,0.3,0.3,0.0
-80.0,330.0,0.2,0.2,0.2,0.0
-80.0,345.0,0.0,0.0,0.0,0.0
-80.0,360.0,0.0,0.0,0.0,0.0
-75.0,0.0,0.3,0.3,0.3,0.0
-75.0,15.0,0.2,0.2,0.2,0.0
-75.0,30.0,0.0,0.0,0.0,0.0
-75.0,45.0,0.0,0.0,0.0,0.0
-75.0,60.0,0.0,0.0,0.0,0.0
-75.0,75.0,0.0,0.0,0.0,0.0
-75.0,90.0,0.0,0.0,0.0,0.0
-75.0,105.0,0.0,0.0,0.0,0.0
-75.0,120.0,0.0,0.0,0.0,0.0
-75.0,135.0,0.0,0.0,0.0,0.0
-75.0,150.0,0.0,0.0,0.0,0.0
-75.0,165.0,0.0,0.0,0.0,0.0
-75.0,180.0,0.0,0.0,0.0,0.0
-75.0,195.0,0.0,0.0,0.0,0.0
-75.0,210.0,0.0,0.0,0.0,0.0
-75.0,225.0,0.0,0.0,0.0,0.0
-75.0,240.0,0.3,0.3,0.3,0.0
-75.0,255.0,0.6,0.6,0.6,0.0
-75.0,270.0,0.7,0.7,0.7,0.0
-75.0,285.0,1.0,1.0,1.0,0.0
-75.0,300.0,0.8,0.8,0.8,0.0
-75.0,315.0,0.8,0.8,0.8,0.0
-75.0,330.0,0.6,0.6,0.6,0.0
-75.0,345.0,0.5,0.5,0.5,0.0
-75.0,360.0,0.3,0.3,0.3,0.0
-70.0,0.0,0.7,0.7,0.7,0.0
-70.0,15.0,0.5,0.5,0.5,0.0
-70.0,30.0,0.2,0.2,0.2,0.0
-70.0,45.0,0.0,0.0,0.0,0.0
-70.0,60.0,0.0,0.0,0.0,0.0
-70.0,75.0,0.0,0.0,0.0,0.0
-70.0,90.0,0.0,0.0,0.0,0.0
-70.0,105.0,0.0,0.0,0.0,0.0
-70.0,120.0,0.0,0.0,0.0,0.0
-70.0,135.0,0.0,0.0,0.0,0.0
-70.0,150.0,0.0,0.0,0.0,0.0
-70.0,165.0,0.0,0.0,0.0,0.0
-70.0,180.0,0.0,0.0,0.0,0.0
-70.0,195.0,0.0,0.0,0.0,0.0
-70.0,210.0,0.2,0.2,0.2,0.0
-70.0,225.0,0.5,0.5,0.5,0.0
-70.0,240.0,0.9,0.9,0.9,0.0
-70.0,255.0,1.2,1.2,1.2,0.0
-70.0,270.0,1.4,1.4,1.4,0.0
-70.0,285.0,1.4,1.4,1.4,0.0
-70.0,300.0,1.4,1.4,1.4,0.0
-70.0,315.0,1.4,1.4,1.4,0.0
-70.0,330.0,1.1,1.1,1.1,0.0
-70.0,345.0,1.0,1.0,1.0,0.0
-70.0,360.0,0.7,0.7,0.7,0.0
-65.0,0.0,1.2,1.2,1.2,0.0
-65.0,15.0,0.8,0.8,0.8,0.0
-65.0,30.0,0.6,0.6,0.6,0.0
-65.0,45.0,0.3,0.3,0.3,0.0
-65.0,60.0,0.0,0.0,0.0,0.0
-65.0,75.0,0.0,0.0,0.0,0.0
-65.0,90.0,0.0,0.0,0.0,0.0
-65.0,105.0,0.0,0.0,0.0,0.0
-65.0,120.0,0.0,0.0,0.0,0.0
-65.0,135.0,0.0,0.0,0.0,0.0
-65.0,150.0,0.0,0.0,0.0,0.0
-65.0,165.0,0.0,0.0,0.0,0.0
-65.0,180.0,0.0,0.0,0.0,0.0
-65.0,195.0,0.3,0.3,0.3,0.0
-65.0,210.0,0.7,0.7,0.7,0.0
-65.0,225.0,1.0,1.0,1.0,0.0
-65.0,240.0,1.6,1.5,1.4,0.5
-65.0,255.0,2.0,2.0,2.0,0.0
-65.0,270.0,2.4,2.2,2.2,0.5
-65.0,285.0,2.4,2.4,2.4,0.0
-65.0,300.0,2.2,2.2,2.2,0.0
-65.0,315.0,1.6,1.6,1.6,0.0
-65.0,330.0,1.6,1.6,1.6,0.0
-65.0,345.0,1.5,1.5,1.5,0.0
-65.0,360.0,1.2,1.2,1.2,0.0
-60.0,0.0,1.6,1.6,1.6,0.0
-60.0,15.0,1.4,1.4,1.4,0.0
-60.0,30.0,1.1,1.1,1.1,0.0
-60.0,45.0,0.8,0.8,0.8,0.0
-60.0,60.0,0.3,0.3,0.3,0.0
-60.0,75.0,0.0,0.0,0.0,0.0
-60.0,90.0,0.0,0.0,0.0,0.0
-60.0,105.0,0.0,0.0,0.0,0.0
-60.0,120.0,0.0,0.0,0.0,0.0
-60.0,135.0,0.0,0.0,0.0,0.0
-60.0,150.0,0.0,0.0,0.0,0.0
-60.0,165.0,0.0,0.0,0.0,0.0
-60.0,180.0,0.4,0.4,0.4,0.0
-60.0,195.0,0.8,0.8,0.8,0.0
-60.0,210.0,1.2,1.2,1.2,0.0
-60.0,225.0,1.8,1.8,1.6,0.5
-60.0,240.0,2.4,2.2,2.0,0.3
-60.0,255.0,2.8,2.8,2.8,0.0
-60.0,270.0,3.4,3.4,3.4,0.0
-60.0,285.0,3.4,3.4,3.2,0.3
-60.0,300.0,3.1,2.9,2.8,0.7
-60.0,315.0,2.6,2.6,2.4,0.5
-60.0,330.0,2.1,2.1,2.1,0.0
-60.0,345.0,1.9,1.8,1.7,0.5
-60.0,360.0,1.6,1.6,1.6,0.0
-55.0,0.0,1.8,1.8,1.8,0.0
-55.0,15.0,1.6,1.6,1.6,0.0
-55.0,30.0,1.4,1.4,1.4,0.0
-55.0,45.0,1.1,1.1,1.1,0.0
-55.0,60.0,0.8,0.8,0.8,0.0
-55.0,75.0,0.4,0.4,0.4,0.0
-55.0,90.0,0.0,0.0,0.0,0.0
-55.0,105.0,0.0,0.0,0.0,0.0
-55.0,120.0,0.0,0.0,0.0,0.0
-55.0,135.0,0.0,0.0,0.0,0.0
-55.0,150.0,0.2,0.2,0.2,0.0
-55.0,165.0,0.5,0.5,0.5,0.0
-55.0,180.0,1.0,1.0,1.0,0.0
-55.0,195.0,1.5,1.5,1.5,0.0
-55.0,210.0,2.0,1.9,1.8,0.5
-55.0,225.0,2.6,2.5,2.4,0.5
-55.0,240.0,3.5,3.5,3.5,0.0
-55.0,255.0,4.0,3.8,3.6,0.5
-55.0,270.0,4.4,4.2,4.0,0.3
-55.0,285.0,4.2,4.2,4.2,0.0
-55.0,300.0,4.0,3.8,3.8,0.5
-55.0,315.0,3.2,3.2,3.2,0.0
-55.0,330.0,2.8,2.7,2.6,0.5
-55.0,345.0,2.3,2.2,2.1,0.5
-55.0,360.0,1.8,1.8,1.8,0.0
-50.0,0.0,2.4,2.3,2.2,0.5
-50.0,15.0,2.0,2.0,2.0,0.0
-50.0,30.0,2.0,2.0,2.0,0.0
-50.0,45.0,1.6,1.5,1.5,0.5
-50.0,60.0,1.5,1.5,1.5,0.0
-50.0,75.0,1.0,1.0,1.0,0.0
-50.0,90.0,0.9,0.8,0.7,0.5
-50.0,105.0,0.6,0.6,0.6,0.0
-50.0,120.0,0.5,0.5,0.5,0.0
-50.0,135.0,0.6,0.6,0.6,0.0
-50.0,150.0,1.0,1.0,1.0,0.0
-50.0,165.0,1.2,1.2,1.2,0.0
-50.0,180.0,1.8,1.8,1.8,0.0
-50.0,195.0,2.2,2.0,2.0,0.7
-50.0,210.0,3.1,3.0,2.9,0.5
-50.0,225.0,3.6,3.4,2.8,0.4
-50.0,240.0,4.7,4.5,4.3,0.5
-50.0,255.0,4.7,4.6,4.4,0.3
-50.0,270.0,5.8,5.6,5.6,0.5
-50.0,285.0,5.4,5.4,5.4,0.0
-50.0,300.0,5.0,5.0,4.6,0.2
-50.0,315.0,3.8,3.8,3.6,0.3
-50.0,330.0,3.6,3.3,3.2,0.8
-50.0,345.0,2.4,2.4,2.4,0.0
-50.0,360.0,2.4,2.3,2.2,0.5
-45.0,0.0,2.8,2.8,2.8,0.0
-45.0,15.0,2.8,2.8,2.6,0.5
-45.0,30.0,2.6,2.6,2.4,0.3
-45.0,45.0,2.5,2.3,2.2,0.7
-45.0,60.0,2.1,2.0,1.9,0.5
-45.0,75.0,1.8,1.7,1.6,0.5
-45.0,90.0,1.4,1.4,1.4,0.0
-45.0,105.0,1.4,1.4,1.4,0.0
-45.0,120.0,1.2,1.2,1.2,0.0
-45.0,135.0,1.5,1.5,1.5,0.0
-45.0,150.0,1.8,1.6,1.6,0.5
-45.0,165.0,2.1,2.1,2.1,0.0
-45.0,180.0,2.4,2.4,2.4,0.0
-45.0,195.0,3.6,3.2,3.0,0.5
-45.0,210.0,4.6,4.1,3.8,0.6
-45.0,225.0,5.0,4.9,4.6,0.2
-45.0,240.0,6.2,6.0,5.2,0.2
-45.0,255.0,7.4,7.2,5.9,0.1
-45.0,270.0,8.0,7.8,7.4,0.2
-45.0,285.0,7.4,7.1,6.8,0.5
-45.0,300.0,6.8,6.4,5.6,0.3
-45.0,315.0,5.1,5.0,4.9,0.5
-45.0,330.0,4.1,3.8,3.7,0.8
-45.0,345.0,3.6,3.4,3.2,0.7
-45.0,360.0,2.8,2.8,2.8,0.0
-40.0,0.0,3.7,3.7,3.7,0.0
-40.0,15.0,3.6,3.3,2.9,0.4
-40.0,30.0,3.8,3.4,3.2,0.7
-40.0,45.0,3.6,3.4,3.4,0.7
-40.0,60.0,3.0,3.0,3.0,0.0
-40.0,75.0,2.7,2.7,2.7,0.0
-40.0,90.0,2.4,2.2,2.2,0.5
-40.0,105.0,2.4,2.4,2.4,0.0
-40.0,120.0,2.4,2.3,2.2,0.5
-40.0,135.0,2.6,2.4,2.2,0.5
-40.0,150.0,2.8,2.8,2.8,0.0
-40.0,165.0,3.2,3.2,3.2,0.0
-40.0,180.0,3.8,3.6,3.4,0.2
-40.0,195.0,4.8,4.6,4.2,0.3
-40.0,210.0,5.6,5.4,5.0,0.2
-40.0,225.0,7.0,6.6,6.6,0.8
-40.0,240.0,8.5,7.8,6.6,0.4
-40.0,255.0,8.7,8.5,7.3,0.1
-40.0,270.0,8.6,8.5,7.8,0.2
-40.0,285.0,8.4,7.8,7.2,0.4
-40.0,300.0,7.1,6.7,6.6,0.8
-40.0,315.0,5.8,5.8,5.8,0.0
-40.0,330.0,5.0,4.9,4.4,0.2
-40.0,345.0,4.0,3.8,3.4,0.3
-40.0,360.0,3.7,3.7,3.7,0.0
-35.0,0.0,4.6,4.6,4.6,0.0
-35.0,15.0,4.4,4.4,4.4,0.0
-35.0,30.0,4.6,4.5,4.2,0.2
-35.0,45.0,4.6,4.3,3.7,0.3
-35.0,60.0,4.5,4.2,3.7,0.4
-35.0,75.0,4.3,4.1,3.8,0.4
-35.0,90.0,3.7,3.6,3.4,0.3
-35.0,105.0,3.8,3.6,3.4,0.5
-35.0,120.0,3.8,3.6,3.4,0.2
-35.0,135.0,3.8,3.6,3.4,0.5
-35.0,150.0,4.3,4.2,3.8,0.2
-35.0,165.0,4.8,4.4,4.0,0.5
-35.0,180.0,5.4,5.2,4.7,0.3
-35.0,195.0,6.4,6.1,6.0,0.7
-35.0,210.0,8.1,7.9,7.8,0.7
-35.0,225.0,9.6,8.4,7.0,0.5
-35.0,240.0,10.1,10.0,9.3,0.1
-35.0,255.0,9.8,9.8,9.8,0.0
-35.0,270.0,9.8,9.6,9.2,0.3
-35.0,285.0,9.2,8.6,8.4,0.6
-35.0,300.0,8.6,8.0,7.4,0.5
-35.0,315.0,7.6,6.8,6.0,0.5
-35.0,330.0,6.0,5.6,5.4,0.7
-35.0,345.0,4.8,4.6,4.2,0.3
-35.0,360.0,4.6,4.6,4.6,0.0
-30.0,0.0,5.8,5.6,5.0,0.4
-30.0,15.0,6.2,5.9,5.4,0.4
-30.0,30.0,6.1,5.6,5.0,0.5
-30.0,45.0,6.1,6.0,5.9,0.5
-30.0,60.0,5.6,5.4,4.4,0.1
-30.0,75.0,5.6,5.5,5.4,0.5
-30.0,90.0,5.7,5.7,5.7,0.0
-30.0,105.0,5.8,5.6,5.4,0.3
-30.0,120.0,5.2,5.0,4.8,0.5
-30.0,135.0,5.4,5.2,5.0,0.2
-30.0,150.0,5.4,5.2,5.0,0.5
-30.0,165.0,6.6,6.6,6.6,0.0
-30.0,180.0,7.8,7.8,7.8,0.0
-30.0,195.0,9.1,9.1,9.1,0.0
-30.0,210.0,9.3,7.9,7.2,0.7
-30.0,225.0,10.2,9.5,8.8,0.5
-30.0,240.0,10.3,10.3,10.3,0.0
-30.0,255.0,11.2,11.2,11.2,0.0
-30.0,270.0,11.0,10.8,10.6,0.3
-30.0,285.0,10.2,10.2,10.2,0.0
-30.0,300.0,8.7,8.1,7.6,0.5
-30.0,315.0,8.0,7.4,7.2,0.8
-30.0,330.0,6.8,5.8,5.4,0.7
-30.0,345.0,6.2,5.6,5.0,0.5
-30.0,360.0,6.1,5.4,4.6,0.5
-25.0,0.0,7.2,6.8,6.2,0.5
-25.0,15.0,7.6,7.0,6.0,0.3
-25.0,30.0,7.6,7.2,6.4,0.4
-25.0,45.0,8.2,8.0,7.6,0.3
-25.0,60.0,8.0,8.0,8.0,0.0
-25.0,75.0,8.1,8.1,8.1,0.0
-25.0,90.0,8.2,8.2,8.0,0.5
-25.0,105.0,8.4,8.0,8.0,0.8
-25.0,120.0,7.4,7.4,7.4,0.0
-25.0,135.0,8.0,7.8,7.7,0.7
-25.0,150.0,8.1,7.7,6.4,0.2
-25.0,165.0,9.7,9.7,9.7,0.0
-25.0,180.0,10.6,9.8,8.4,0.4
-25.0,195.0,11.4,10.8,10.0,0.4
-25.0,210.0,10.7,10.4,9.7,0.3
-25.0,225.0,11.4,11.4,11.4,0.0
-25.0,240.0,11.1,11.1,11.1,0.0
-25.0,255.0,12.0,12.0,12.0,0.0
-25.0,270.0,11.6,11.6,11.6,0.0
-25.0,285.0,11.0,10.8,10.4,0.2
-25.0,300.0,9.6,9.4,8.8,0.3
-25.0,315.0,9.0,8.4,7.4,0.4
-25.0,330.0,8.1,7.5,7.0,0.5
-25.0,345.0,7.4,7.0,6.4,0.5
-25.0,360.0,7.2,6.8,6.2,0.5
-20.0,0.0,8.5,8.0,6.8,0.3
-20.0,15.0,8.4,8.0,7.4,0.4
-20.0,30.0,9.6,9.2,8.4,0.3
-20.0,45.0,10.7,10.0,9.2,0.5
-20.0,60.0,10.9,10.1,9.1,0.4
-20.0,75.0,10.4,10.2,10.2,0.5
-20.0,90.0,10.9,10.8,9.8,0.1
-20.0,105.0,10.4,10.1,8.6,0.2
-20.0,120.0,11.0,10.4,8.4,0.3
-20.0,135.0,11.3,10.7,9.2,0.3
-20.0,150.0,11.2,10.2,9.0,0.5
-20.0,165.0,10.8,10.2,9.4,0.4
-20.0,180.0,11.6,11.6,11.6,0.0
-20.0,195.0,11.4,11.4,11.4,0.0
-20.0,210.0,12.4,12.4,12.4,0.0
-20.0,225.0,12.7,12.7,12.7,0.0
-20.0,240.0,12.4,12.4,12.4,0.0
-20.0,255.0,11.4,11.4,11.4,0.0
-20.0,270.0,11.4,11.4,11.4,0.0
-20.0,285.0,10.4,10.4,10.2,0.3
-20.0,300.0,10.6,10.6,10.0,0.1
-20.0,315.0,10.1,10.0,9.3,0.1
-20.0,330.0,9.1,8.6,7.2,0.3
-20.0,345.0,8.2,7.6,7.2,0.6
-20.0,360.0,8.5,8.0,6.8,0.3
-15.0,0.0,9.8,9.6,8.4,0.1
-15.0,15.0,9.8,9.8,9.8,0.0
-15.0,30.0,11.2,11.2,11.2,0.0
-15.0,45.0,12.1,12.1,12.1,0.0
-15.0,60.0,13.0,12.8,11.4,0.1
-15.0,75.0,12.4,12.2,10.8,0.1
-15.0,90.0,13.2,13.2,13.2,0.0
-15.0,105.0,12.5,12.5,12.5,0.0
-15.0,120.0,13.4,13.2,12.6,0.1
-15.0,135.0,13.1,13.1,13.1,0.0
-15.0,150.0,13.2,13.2,13.2,0.0
-15.0,165.0,12.2,12.2,12.2,0.0
-15.0,180.0,13.2,13.2,13.2,0.0
-15.0,195.0,12.4,12.4,12.4,0.0
-15.0,210.0,13.4,13.4,13.4,0.0
-15.0,225.0,13.2,13.2,13.2,0.0
-15.0,240.0,13.1,13.1,13.1,0.0
-15.0,255.0,11.8,11.8,11.8,0.0
-15.0,270.0,12.0,12.0,12.0,0.0
-15.0,285.0,11.0,11.0,11.0,0.0
-15.0,300.0,11.4,11.4,11.4,0.0
-15.0,315.0,11.0,10.6,10.0,0.3
-15.0,330.0,10.4,10.4,10.4,0.0
-15.0,345.0,9.3,9.1,8.3,0.2
-15.0,360.0,9.8,9.6,8.4,0.1
-10.0,0.0,11.2,11.2,11.2,0.0
-10.0,15.0,11.3,11.3,11.3,0.0
-10.0,30.0,12.7,12.7,12.7,0.0
-10.0,45.0,13.4,13.4,13.4,0.0
-10.0,60.0,14.6,14.6,14.6,0.0
-10.0,75.0,14.2,14.2,14.2,0.0
-10.0,90.0,15.1,15.1,15.1,0.0
-10.0,105.0,14.4,14.4,14.4,0.0
-10.0,120.0,15.2,15.2,15.2,0.0
-10.0,135.0,14.4,14.4,14.4,0.0
-10.0,150.0,14.6,14.6,14.6,0.0
-10.0,165.0,13.7,13.7,13.7,0.0
-10.0,180.0,14.3,14.3,14.3,0.0
-10.0,195.0,13.4,13.4,13.4,0.0
-10.0,210.0,14.2,14.2,14.2,0.0
-10.0,225.0,13.6,13.6,13.6,0.0
-10.0,240.0,13.6,13.6,13.6,0.0
-10.0,255.0,12.4,12.4,12.4,0.0
-10.0,270.0,12.4,12.4,12.4,0.0
-10.0,285.0,11.7,11.7,11.7,0.0
-10.0,300.0,12.2,12.2,12.2,0.0
-10.0,315.0,11.6,11.6,11.6,0.0
-10.0,330.0,11.4,11.2,10.4,0.2
-10.0,345.0,10.7,10.5,9.5,0.2
-10.0,360.0,11.2,11.2,11.2,0.0
-5.0,0.0,12.5,12.4,11.7,0.1
-5.0,15.0,12.6,12.6,12.6,0.0
-5.0,30.0,14.0,14.0,14.0,0.0
-5.0,45.0,14.6,14.6,14.6,0.0
-5.0,60.0,15.8,15.8,15.8,0.0
-5.0,75.0,15.6,15.6,15.6,0.0
-5.0,90.0,16.4,16.4,16.4,0.0
-5.0,105.0,15.8,15.8,15.8,0.0
-5.0,120.0,16.4,16.4,16.4,0.0
-5.0,135.0,15.4,15.4,15.4,0.0
-5.0,150.0,15.4,15.4,15.4,0.0
-5.0,165.0,14.4,14.4,14.4,0.0
-5.0,180.0,14.8,14.8,14.8,0.0
-5.0,195.0,14.0,14.0,14.0,0.0
-5.0,210.0,14.4,14.4,14.4,0.0
-5.0,225.0,13.8,13.8,13.8,0.0
-5.0,240.0,13.6,13.6,13.6,0.0
-5.0,255.0,12.6,12.6,12.6,0.0
-5.0,270.0,12.6,12.6,12.6,0.0
-5.0,285.0,12.0,12.0,12.0,0.0
-5.0,300.0,12.7,12.7,12.7,0.0
-5.0,315.0,12.4,12.4,12.4,0.0
-5.0,330.0,12.4,12.4,12.4,0.0
-5.0,345.0,11.8,11.8,11.8,0.0
-5.0,360.0,12.5,12.4,11.7,0.1
0.0,0.0,13.6,13.6,13.6,0.0
0.0,15.0,13.6,13.6,13.6,0.0
0.0,30.0,15.0,15.0,15.0,0.0
0.0,45.0,15.4,15.4,15.4,0.0
0.0,60.0,16.6,16.6,16.6,0.0
0.0,75.0,16.3,16.3,16.3,0.0
0.0,90.0,17.2,17.2,17.2,0.0
0.0,105.0,16.4,16.4,16.4,0.0
0.0,120.0,17.0,17.0,17.0,0.0
0.0,135.0,16.1,16.1,16.1,0.0
0.0,150.0,16.0,16.0,16.0,0.0
0.0,165.0,15.0,15.0,15.0,0.0
0.0,180.0,15.1,15.1,15.1,0.0
0.0,195.0,14.2,14.2,14.2,0.0
0.0,210.0,14.6,14.6,14.6,0.0
0.0,225.0,13.8,13.8,13.8,0.0
0.0,240.0,13.6,13.6,13.6,0.0
0.0,255.0,12.4,12.4,12.4,0.0
0.0,270.0,12.4,12.4,12.4,0.0
0.0,285.0,12.1,12.0,11.9,0.5
0.0,300.0,13.0,13.0,13.0,0.0
0.0,315.0,12.8,12.8,12.8,0.0
0.0,330.0,13.1,13.1,13.1,0.0
0.0,345.0,12.7,12.7,12.7,0.0
0.0,360.0,13.6,13.6,13.6,0.0
5.0,0.0,14.2,14.2,14.2,0.0
5.0,15.0,14.1,14.1,14.1,0.0
5.0,30.0,15.4,15.4,15.4,0.0
5.0,45.0,15.7,15.7,15.7,0.0
5.0,60.0,16.8,16.8,16.8,0.0
5.0,75.0,16.6,16.6,16.6,0.0
5.0,90.0,17.4,17.4,17.4,0.0
5.0,105.0,16.7,16.7,16.7,0.0
5.0,120.0,17.2,17.2,17.2,0.0
5.0,135.0,16.2,16.2,16.2,0.0
5.0,150.0,16.0,16.0,16.0,0.0
5.0,165.0,14.8,14.8,14.8,0.0
5.0,180.0,15.0,15.0,15.0,0.0
5.0,195.0,14.0,14.0,14.0,0.0
5.0,210.0,14.3,14.3,14.3,0.0
5.0,225.0,13.4,13.4,13.4,0.0
5.0,240.0,13.1,13.1,13.1,0.0
5.0,255.0,12.1,12.0,11.9,0.5
5.0,270.0,12.1,12.1,12.1,0.0
5.0,285.0,11.8,11.8,11.8,0.0
5.0,300.0,13.0,13.0,13.0,0.0
5.0,315.0,13.1,13.1,13.1,0.0
5.0,330.0,13.7,13.7,13.7,0.0
5.0,345.0,13.3,13.3,13.3,0.0
5.0,360.0,14.2,14.2,14.2,0.0
10.0,0.0,14.4,14.4,14.4,0.0
10.0,15.0,14.2,14.2,14.2,0.0
10.0,30.0,15.8,15.8,15.8,0.0
10.0,45.0,15.8,15.8,15.8,0.0
10.0,60.0,17.1,17.1,17.1,0.0
10.0,75.0,16.4,16.4,16.4,0.0
10.0,90.0,17.6,17.6,17.6,0.0
10.0,105.0,16.6,16.6,16.6,0.0
10.0,120.0,17.3,17.3,17.3,0.0
10.0,135.0,16.2,16.2,16.2,0.0
10.0,150.0,16.0,16.0,16.0,0.0
10.0,165.0,14.4,14.4,14.4,0.0
10.0,180.0,14.6,14.6,14.6,0.0
10.0,195.0,13.4,13.4,13.4,0.0
10.0,210.0,13.7,13.7,13.7,0.0
10.0,225.0,13.0,13.0,13.0,0.0
10.0,240.0,12.7,12.7,12.7,0.0
10.0,255.0,11.2,10.8,10.4,0.4
10.0,270.0,11.4,11.0,10.2,0.3
10.0,285.0,11.2,11.2,11.2,0.0
10.0,300.0,12.7,12.7,12.7,0.0
10.0,315.0,13.1,13.1,13.1,0.0
10.0,330.0,14.0,14.0,14.0,0.0
10.0,345.0,13.4,13.4,13.4,0.0
10.0,360.0,14.4,14.4,14.4,0.0
15.0,0.0,14.1,14.1,14.1,0.0
15.0,15.0,13.6,13.6,13.6,0.0
15.0,30.0,15.2,15.2,15.2,0.0
15.0,45.0,15.6,15.6,15.6,0.0
15.0,60.0,16.4,16.4,16.4,0.0
15.0,75.0,15.4,15.4,15.4,0.0
15.0,90.0,16.6,16.6,16.6,0.0
15.0,105.0,15.6,15.6,15.6,0.0
15.0,120.0,16.6,16.6,16.6,0.0
15.0,135.0,16.0,16.0,16.0,0.0
15.0,150.0,15.4,15.4,15.4,0.0
15.0,165.0,13.6,13.6,13.6,0.0
15.0,180.0,13.8,13.8,13.8,0.0
15.0,195.0,12.4,12.4,12.4,0.0
15.0,210.0,13.0,13.0,13.0,0.0
15.0,225.0,12.4,12.4,12.4,0.0
15.0,240.0,11.6,11.4,11.1,0.4
15.0,255.0,9.8,9.2,9.1,0.9
15.0,270.0,9.9,9.0,8.6,0.7
15.0,285.0,10.2,9.5,8.6,0.4
15.0,300.0,12.0,12.0,12.0,0.0
15.0,315.0,12.8,12.8,12.8,0.0
15.0,330.0,13.7,13.7,13.7,0.0
15.0,345.0,13.0,13.0,13.0,0.0
15.0,360.0,14.1,14.1,14.1,0.0
20.0,0.0,13.4,13.4,13.4,0.0
20.0,15.0,13.0,13.0,13.0,0.0
20.0,30.0,14.4,14.4,14.4,0.0
20.0,45.0,15.1,15.1,15.1,0.0
20.0,60.0,15.3,15.3,15.3,0.0
20.0,75.0,14.6,14.6,14.6,0.0
20.0,90.0,15.4,15.4,15.4,0.0
20.0,105.0,14.7,14.7,14.7,0.0
20.0,120.0,15.4,15.4,15.4,0.0
20.0,135.0,15.6,15.6,15.6,0.0
20.0,150.0,14.6,14.6,14.6,0.0
20.0,165.0,13.0,13.0,13.0,0.0
20.0,180.0,13.0,13.0,13.0,0.0
20.0,195.0,11.8,11.8,11.8,0.0
20.0,210.0,11.8,11.8,11.8,0.0
20.0,225.0,11.4,11.4,11.4,0.0
20.0,240.0,9.8,9.8,9.8,0.0
20.0,255.0,7.0,7.0,7.0,0.0
20.0,270.0,7.0,6.1,6.0,0.8
20.0,285.0,8.6,7.2,6.2,0.6
20.0,300.0,10.8,10.8,10.8,0.0
20.0,315.0,12.4,12.4,12.4,0.0
20.0,330.0,13.0,13.0,13.0,0.0
20.0,345.0,12.4,12.4,11.8,0.2
20.0,360.0,13.4,13.4,13.4,0.0
25.0,0.0,13.6,13.6,13.6,0.0
25.0,15.0,13.8,13.8,13.8,0.0
25.0,30.0,12.6,12.6,12.6,0.0
25.0,45.0,13.5,13.3,12.2,0.2
25.0,60.0,13.3,13.3,13.3,0.0
25.0,75.0,15.0,15.0,15.0,0.0
25.0,90.0,15.3,15.3,15.3,0.0
25.0,105.0,15.4,15.4,15.4,0.0
25.0,120.0,13.7,13.7,13.7,0.0
25.0,135.0,14.1,14.1,14.1,0.0
25.0,150.0,13.0,13.0,13.0,0.0
25.0,165.0,13.6,13.6,13.6,0.0
25.0,180.0,12.8,12.8,12.8,0.0
25.0,195.0,12.1,12.1,12.1,0.0
25.0,210.0,10.2,10.2,10.2,0.0
25.0,225.0,9.8,9.8,9.8,0.0
25.0,240.0,8.2,8.0,7.4,0.2
25.0,255.0,7.2,7.0,6.6,0.3
25.0,270.0,6.3,6.0,5.1,0.2
25.0,285.0,7.6,7.0,6.0,0.4
25.0,300.0,9.0,8.6,7.0,0.2
25.0,315.0,10.8,10.8,10.8,0.0
25.0,330.0,11.4,11.2,10.6,0.1
25.0,345.0,13.3,13.3,13.3,0.0
25.0,360.0,13.6,13.6,13.6,0.0
30.0,0.0,12.5,12.3,11.3,0.2
30.0,15.0,12.4,12.0,10.8,0.3
30.0,30.0,11.2,10.4,9.0,0.4
30.0,45.0,11.7,11.4,10.1,0.2
30.0,60.0,11.6,11.4,10.2,0.2
30.0,75.0,13.4,13.4,13.4,0.0
30.0,90.0,13.8,13.8,13.8,0.0
30.0,105.0,13.8,13.8,13.8,0.0
30.0,120.0,12.6,12.6,12.6,0.0
30.0,135.0,12.7,12.7,12.7,0.0
30.0,150.0,12.0,12.0,12.0,0.0
30.0,165.0,12.4,12.4,12.4,0.0
30.0,180.0,11.8,11.8,11.0,0.1
30.0,195.0,10.8,10.8,10.8,0.0
30.0,210.0,8.8,8.5,7.6,0.2
30.0,225.0,8.0,7.9,7.8,0.5
30.0,240.0,6.2,6.1,6.0,0.5
30.0,255.0,5.4,5.0,4.8,0.6
30.0,270.0,5.1,4.6,4.2,0.6
30.0,285.0,5.4,5.0,4.3,0.4
30.0,300.0,6.8,6.6,5.0,0.1
30.0,315.0,9.3,9.0,8.1,0.2
30.0,330.0,10.2,9.6,8.8,0.5
30.0,345.0,11.9,11.6,10.8,0.3
30.0,360.0,12.5,12.3,11.3,0.2
35.0,0.0,9.8,9.2,8.1,0.4
35.0,15.0,9.9,9.3,8.1,0.3
35.0,30.0,10.4,10.0,8.6,0.2
35.0,45.0,10.4,10.2,10.0,0.7
35.0,60.0,10.7,10.5,9.2,0.1
35.0,75.0,10.6,10.5,10.4,0.5
35.0,90.0,11.0,10.5,9.0,0.2
35.0,105.0,11.2,10.2,8.4,0.4
35.0,120.0,12.0,11.2,9.8,0.3
35.0,135.0,12.2,12.2,12.2,0.0
35.0,150.0,11.9,11.5,10.2,0.2
35.0,165.0,10.7,10.0,9.0,0.4
35.0,180.0,10.0,8.9,7.5,0.4
35.0,195.0,8.8,8.5,7.4,0.2
35.0,210.0,7.6,7.6,7.6,0.0
35.0,225.0,6.0,6.0,6.0,0.0
35.0,240.0,5.0,5.0,5.0,0.0
35.0,255.0,3.8,3.8,3.8,0.0
35.0,270.0,3.6,3.4,3.2,0.3
35.0,285.0,4.2,3.8,3.6,0.7
35.0,300.0,5.1,5.0,4.9,0.5
35.0,315.0,7.1,7.0,6.9,0.5
35.0,330.0,9.1,9.1,9.1,0.0
35.0,345.0,9.6,9.5,9.4,0.7
35.0,360.0,9.8,9.2,8.1,0.4
40.0,0.0,6.8,6.8,6.0,0.1
40.0,15.0,6.8,6.7,6.2,0.2
40.0,30.0,7.1,7.0,6.9,0.5
40.0,45.0,7.1,6.9,6.8,0.7
40.0,60.0,7.3,7.1,7.0,0.7
40.0,75.0,7.4,7.2,7.0,0.7
40.0,90.0,7.2,7.0,6.4,0.1
40.0,105.0,8.2,8.0,7.8,0.5
40.0,120.0,9.0,8.7,7.3,0.2
40.0,135.0,9.6,9.2,7.6,0.2
40.0,150.0,9.6,9.0,8.0,0.4
40.0,165.0,8.6,8.0,7.0,0.3
40.0,180.0,7.4,7.0,6.0,0.3
40.0,195.0,6.0,6.0,5.0,0.1
40.0,210.0,5.3,5.3,5.3,0.0
40.0,225.0,4.6,4.4,4.2,0.5
40.0,240.0,3.6,3.6,3.6,0.0
40.0,255.0,2.8,2.8,2.8,0.0
40.0,270.0,2.5,2.3,2.2,0.7
40.0,285.0,2.8,2.8,2.6,0.5
40.0,300.0,4.0,3.6,3.1,0.4
40.0,315.0,5.0,4.9,4.7,0.3
40.0,330.0,6.0,5.9,5.8,0.5
40.0,345.0,6.6,6.5,6.4,0.5
40.0,360.0,6.8,6.8,6.0,0.1
45.0,0.0,5.1,4.8,4.6,0.6
45.0,15.0,5.3,5.1,4.6,0.3
45.0,30.0,5.3,4.9,4.7,0.7
45.0,45.0,5.0,4.8,4.6,0.4
45.0,60.0,5.4,5.4,4.6,0.1
45.0,75.0,5.4,5.1,5.0,0.8
45.0,90.0,5.6,5.1,4.6,0.4
45.0,105.0,6.0,5.9,5.8,0.5
45.0,120.0,6.0,6.0,5.6,0.2
45.0,135.0,6.3,6.1,5.7,0.3
45.0,150.0,6.4,6.1,5.4,0.2
45.0,165.0,6.0,5.8,5.5,0.4
45.0,180.0,5.5,5.3,4.9,0.3
45.0,195.0,5.0,4.8,4.4,0.3
45.0,210.0,4.3,4.1,3.7,0.3
45.0,225.0,3.1,3.0,2.9,0.5
45.0,240.0,2.4,2.4,2.4,0.0
45.0,255.0,2.0,2.0,2.0,0.0
45.0,270.0,1.8,1.8,1.8,0.0
45.0,285.0,1.8,1.8,1.8,0.0
45.0,300.0,2.4,2.4,2.2,0.3
45.0,315.0,3.2,3.2,3.2,0.0
45.0,330.0,4.4,4.2,4.0,0.3
45.0,345.0,4.8,4.6,4.6,0.7
45.0,360.0,5.1,4.8,4.6,0.6
50.0,0.0,3.4,3.4,3.4,0.0
50.0,15.0,3.4,3.2,3.2,0.5
50.0,30.0,3.6,3.5,3.4,0.5
50.0,45.0,3.2,3.2,3.2,0.0
50.0,60.0,3.6,3.6,3.6,0.0
50.0,75.0,3.6,3.5,3.3,0.3
50.0,90.0,3.8,3.7,3.4,0.2
50.0,105.0,4.0,3.6,3.4,0.5
50.0,120.0,4.6,4.4,4.2,0.2
50.0,135.0,4.4,4.0,3.8,0.6
50.0,150.0,5.0,4.8,4.6,0.5
50.0,165.0,4.3,4.0,3.6,0.4
50.0,180.0,4.0,3.8,3.6,0.5
50.0,195.0,3.2,3.2,3.2,0.0
50.0,210.0,2.9,2.7,2.6,0.7
50.0,225.0,2.1,2.1,2.1,0.0
50.0,240.0,1.6,1.6,1.6,0.0
50.0,255.0,1.1,1.1,1.1,0.0
50.0,270.0,1.0,1.0,1.0,0.0
50.0,285.0,1.2,1.2,1.2,0.0
50.0,300.0,1.5,1.5,1.5,0.0
50.0,315.0,1.8,1.8,1.8,0.0
50.0,330.0,3.0,2.8,2.6,0.5
50.0,345.0,3.0,3.0,3.0,0.0
50.0,360.0,3.4,3.4,3.4,0.0
55.0,0.0,2.2,2.2,2.2,0.0
55.0,15.0,2.2,2.2,2.2,0.0
55.0,30.0,2.4,2.4,2.4,0.0
55.0,45.0,2.4,2.2,2.2,0.5
55.0,60.0,2.4,2.4,2.4,0.0
55.0,75.0,2.4,2.3,2.2,0.5
55.0,90.0,2.5,2.5,2.5,0.0
55.0,105.0,2.6,2.6,2.6,0.0
55.0,120.0,2.8,2.8,2.6,0.5
55.0,135.0,3.0,2.8,2.6,0.5
55.0,150.0,3.2,2.9,2.8,0.7
55.0,165.0,3.0,2.9,2.8,0.5
55.0,180.0,2.8,2.6,2.4,0.3
55.0,195.0,2.1,2.1,2.1,0.0
55.0,210.0,1.9,1.8,1.6,0.3
55.0,225.0,1.4,1.4,1.4,0.0
55.0,240.0,0.8,0.8,0.8,0.0
55.0,255.0,0.5,0.5,0.5,0.0
55.0,270.0,0.4,0.4,0.4,0.0
55.0,285.0,0.5,0.5,0.5,0.0
55.0,300.0,0.9,0.9,0.9,0.0
55.0,315.0,1.2,1.2,1.2,0.0
55.0,330.0,1.6,1.6,1.6,0.0
55.0,345.0,1.8,1.8,1.8,0.0
55.0,360.0,2.2,2.2,2.2,0.0
60.0,0.0,1.3,1.3,1.3,0.0
60.0,15.0,1.5,1.5,1.5,0.0
60.0,30.0,1.5,1.5,1.5,0.0
60.0,45.0,1.5,1.5,1.5,0.0
60.0,60.0,1.4,1.4,1.4,0.0
60.0,75.0,1.6,1.6,1.6,0.0
60.0,90.0,1.6,1.5,1.4,0.5
60.0,105.0,1.5,1.5,1.5,0.0
60.0,120.0,1.8,1.7,1.6,0.5
60.0,135.0,2.0,2.0,2.0,0.0
60.0,150.0,1.8,1.8,1.8,0.0
60.0,165.0,2.0,2.0,2.0,0.0
60.0,180.0,1.7,1.7,1.7,0.0
60.0,195.0,1.3,1.3,1.3,0.0
60.0,210.0,1.1,1.1,1.1,0.0
60.0,225.0,0.7,0.7,0.7,0.0
60.0,240.0,0.3,0.3,0.3,0.0
60.0,255.0,0.0,0.0,0.0,0.0
60.0,270.0,0.0,0.0,0.0,0.0
60.0,285.0,0.0,0.0,0.0,0.0
60.0,300.0,0.2,0.2,0.2,0.0
60.0,315.0,0.6,0.6,0.6,0.0
60.0,330.0,0.9,0.9,0.9,0.0
60.0,345.0,1.1,1.1,1.1,0.0
60.0,360.0,1.3,1.3,1.3,0.0
65.0,0.0,0.5,0.5,0.5,0.0
65.0,15.0,0.7,0.7,0.7,0.0
65.0,30.0,0.7,0.7,0.7,0.0
65.0,45.0,0.6,0.6,0.6,0.0
65.0,60.0,0.7,0.7,0.7,0.0
65.0,75.0,0.8,0.8,0.8,0.0
65.0,90.0,0.8,0.8,0.8,0.0
65.0,105.0,1.0,1.0,1.0,0.0
65.0,120.0,1.1,1.1,1.1,0.0
65.0,135.0,1.0,1.0,1.0,0.0
65.0,150.0,1.1,1.1,1.1,0.0
65.0,165.0,1.0,1.0,1.0,0.0
65.0,180.0,0.8,0.8,0.8,0.0
65.0,195.0,0.6,0.6,0.6,0.0
65.0,210.0,0.4,0.4,0.4,0.0
65.0,225.0,0.0,0.0,0.0,0.0
65.0,240.0,0.0,0.0,0.0,0.0
65.0,255.0,0.0,0.0,0.0,0.0
65.0,270.0,0.0,0.0,0.0,0.0
65.0,285.0,0.0,0.0,0.0,0.0
65.0,300.0,0.0,0.0,0.0,0.0
65.0,315.0,0.0,0.0,0.0,0.0
65.0,330.0,0.2,0.2,0.2,0.0
65.0,345.0,0.4,0.4,0.4,0.0
65.0,360.0,0.5,0.5,0.5,0.0
70.0,0.0,0.0,0.0,0.0,0.0
70.0,15.0,0.0,0.0,0.0,0.0
70.0,30.0,0.0,0.0,0.0,0.0
70.0,45.0,0.2,0.2,0.2,0.0
70.0,60.0,0.2,0.2,0.2,0.0
70.0,75.0,0.2,0.2,0.2,0.0
70.0,90.0,0.2,0.2,0.2,0.0
70.0,105.0,0.3,0.3,0.3,0.0
70.0,120.0,0.3,0.3,0.3,0.0
70.0,135.0,0.3,0.3,0.3,0.0
70.0,150.0,0.3,0.3,0.3,0.0
70.0,165.0,0.3,0.3,0.3,0.0
70.0,180.0,0.2,0.2,0.2,0.0
70.0,195.0,0.0,0.0,0.0,0.0
70.0,210.0,0.0,0.0,0.0,0.0
70.0,225.0,0.0,0.0,0.0,0.0
70.0,240.0,0.0,0.0,0.0,0.0
70.0,255.0,0.0,0.0,0.0,0.0
70.0,270.0,0.0,0.0,0.0,0.0
70.0,285.0,0.0,0.0,0.0,0.0
70.0,300.0,0.0,0.0,0.0,0.0
70.0,315.0,0.0,0.0,0.0,0.0
70.0,330.0,0.0,0.0,0.0,0.0
70.0,345.0,0.0,0.0,0.0,0.0
70.0,360.0,0.0,0.0,0.0,0.0
75.0,0.0,0.0,0.0,0.0,0.0
75.0,15.0,0.0,0.0,0.0,0.0
75.0,30.0,0.0,0.0,0.0,0.0
75.0,45.0,0.0,0.0,0.0,0.0
75.0,60.0,0.0,0.0,0.0,0.0
75.0,75.0,0.0,0.0,0.0,0.0
75.0,90.0,0.0,0.0,0.0,0.0
75.0,105.0,0.0,0.0,0.0,0.0
75.0,120.0,0.0,0.0,0.0,0.0
75.0,135.0,0.0,0.0,0.0,0.0
75.0,150.0,0.0,0.0,0.0,0.0
75.0,165.0,0.0,0.0,0.0,0.0
75.0,180.0,0.0,0.0,0.0,0.0
75.0,195.0,0.0,0.0,0.0,0.0
75.0,210.0,0.0,0.0,0.0,0.0
75.0,225.0,0.0,0.0,0.0,0.0
75.0,240.0,0.0,0.0,0.0,0.0
75.0,255.0,0.0,0.0,0.0,0.0
75.0,270.0,0.0,0.0,0.0,0.0
75.0,285.0,0.0,0.0,0.0,0.0
75.0,300.0,0.0,0.0,0.0,0.0
75.0,315.0,0.0,0.0,0.0,0.0
75.0,330.0,0.0,0.0,0.0,0.0
75.0,345.0,0.0,0.0,0.0,0.0
75.0,360.0,0.0,0.0,0.0,0.0
80.0,0.0,0.0,0.0,0.0,0.0
80.0,15.0,0.0,0.0,0.0,0.0
80.0,30.0,0.0,0.0,0.0,0.0
80.0,45.0,0.0,0.0,0.0,0.0
80.0,60.0,0.0,0.0,0.0,0.0
80.0,75.0,0.0,0.0,0.0,0.0
80.0,90.0,0.0,0.0,0.0,0.0
80.0,105.0,0.0,0.0,0.0,0.0
80.0,120.0,0.0,0.0,0.0,0.0
80.0,135.0,0.0,0.0,0.0,0.0
80.0,150.0,0.0,0.0,0.0,0.0
80.0,165.0,0.0,0.0,0.0,0.0
80.0,180.0,0.0,0.0,0.0,0.0
80.0,195.0,0.0,0.0,0.0,0.0
80.0,210.0,0.0,0.0,0.0,0.0
80.0,225.0,0.0,0.0,0.0,0.0
80.0,240.0,0.0,0.0,0.0,0.0
80.0,255.0,0.0,0.0,0.0,0.0
80.0,270.0,0.0,0.0,0.0,0.0
80.0,285.0,0.0,0.0,0.0,0.0
80.0,300.0,0.0,0.0,0.0,0.0
80.0,315.0,0.0,0.0,0.0,0.0
80.0,330.0,0.0,0.0,0.0,0.0
80.0,345.0,0.0,0.0,0.0,0.0
80.0,360.0,0.0,0.0,0.0,0.0
85.0,0.0,0.0,0.0,0.0,0.0
85.0,15.0,0.0,0.0,0.0,0.0
85.0,30.0,0.0,0.0,0.0,0.0
85.0,45.0,0.0,0.0,0.0,0.0
85.0,60.0,0.0,0.0,0.0,0.0
85.0,75.0,0.0,0.0,0.0,0.0
85.0,90.0,0.0,0.0,0.0,0.0
85.0,105.0,0.0,0.0,0.0,0.0
85.0,120.0,0.0,0.0,0.0,0.0
85.0,135.0,0.0,0.0,0.0,0.0
85.0,150.0,0.0,0.0,0.0,0.0
85.0,165.0,0.0,0.0,0.0,0.0
85.0,180.0,0.0,0.0,0.0,0.0
85.0,195.0,0.0,0.0,0.0,0.0
85.0,210.0,0.0,0.0,0.0,0.0
85.0,225.0,0.0,0.0,0.0,0.0
85.0,240.0,0.0,0.0,0.0,0.0
85.0,255.0,0.0,0.0,0.0,0.0
85.0,270.0,0.0,0.0,0.0,0.0
85.0,285.0,0.0,0.0,0.0,0.0
85.0,300.0,0.0,0.0,0.0,0.0
85.0,315.0,0.0,0.0,0.0,0.0
85.0,330.0,0.0,0.0,0.0,0.0
85.0,345.0,0.0,0.0,0.0,0.0
85.0,360.0,0.0,0.0,0.0,0.0
90.0,0.0,0.0,0.0,0.0,0.0
90.0,15.0,0.0,0.0,0.0,0.0
90.0,30.0,0.0,0.0,0.0,0.0
90.0,45.0,0.0,0.0,0.0,0.0
90.0,60.0,0.0,0.0,0.0,0.0
90.0,75.0,0.0,0.0,0.0,0.0
90.0,90.0,0.0,0.0,0.0,0.0
90.0,105.0,0.0,0.0,0.0,0.0
90.0,120.0,0.0,0.0,0.0,0.0
90.0,135.0,0.0,0.0,0.0,0.0
90.0,150.0,0.0,0.0,0.0,0.0
90.0,165.0,0.0,0.0,0.0,0.0
90.0,180.0,0.0,0.0,0.0,0.0
90.0,195.0,0.0,0.0,0.0,0.0
90.0,210.0,0.0,0.0,0.0,0.0
90.0,225.0,0.0,0.0,0.0,0.0
90.0,240.0,0.0,0.0,0.0,0.0
90.0,255.0,0.0,0.0,0.0,0.0
90.0,270.0,0.0,0.0,0.0,0.0
90.0,285.0,0.0,0.0,0.0,0.0
90.0,300.0,0.0,0.0,0.0,0.0
90.0,315.0,0.0,0.0,0.0,0.0
90.0,330.0,0.0,0.0,0.0,0.0
90.0,345.0,0.0,0.0,0.0,0.0
90.0,360.0,0.0,0.0,0.0,0.0
